Anxiety Level,Depression Level,Stress Level,Sleep Quality,Academic Performance,Self-esteem,Physical Activity Level,Nutrition Quality,Substance Use,Family Support,Peer Support,Time Spent on Social Media,Academic Stress,Sleep Pattern Consistency,Emotional Stability,Peer Pressure,Eating Habits,Work-Life Balance,Motivation Level,Academic Engagement,Loneliness,Social Media Addiction,Mood Fluctuations,Academic Pressure from Parents,Relationship with Teachers,Mental_Health_Score,Wellness_Index,Social_Support_Score,Risk_Level
3,1,7,8.77,8.68,4.0,0.92,2,0,0,2,23.91,6,0,5,0,0,8.49,3.76,23.43,7,1,5,7,0,11,5.923333333333333,2,Medium
9,10,0,9.94,8.11,6.6,1.34,2,1,1,0,21.57,10,0,8,1,0,4.15,5.62,37.8,4,1,1,2,0,19,8.18,1,High
3,6,0,5.16,1.23,6.2,6.94,0,1,2,1,23.94,8,1,2,0,0,9.01,7.24,11.22,3,0,8,1,1,9,4.453333333333333,3,Medium
3,0,6,8.33,6.37,2.54,4.84,0,0,0,1,17.41,9,1,0,1,2,9.67,0.31,27.39,5,0,3,1,1,9,3.6233333333333335,1,Medium
6,10,7,3.02,2.9,8.78,1.94,1,0,2,0,11.81,1,0,9,1,0,6.32,3.67,31.96,6,0,8,9,0,23,6.933333333333333,2,High
8,7,9,2.28,7.37,2.99,1.04,0,1,2,2,3.69,3,1,7,0,0,3.29,6.52,26.31,5,1,4,10,1,24,4.09,4,High
2,6,8,3.76,1.64,3.3,6.17,2,1,0,2,18.77,6,1,8,0,2,1.5,1.05,9.93,3,0,0,2,0,16,5.02,2,Medium
10,3,7,4.32,1.79,0.38,0.09,1,1,0,1,6.14,7,0,5,0,0,1.21,1.73,24.77,7,0,5,2,1,20,3.233333333333333,1,High
10,4,6,7.72,0.77,0.42,2.91,2,1,1,2,2.12,0,1,1,0,0,2.72,6.57,8.23,5,0,4,4,0,20,3.046666666666667,3,High
0,9,8,9.26,8.88,1.01,5.07,1,0,0,2,19.85,9,1,8,0,0,9.67,9.85,8.67,4,1,7,4,2,17,6.09,2,High
4,1,3,9.97,9.98,1.06,9.53,0,0,2,0,23.82,3,0,0,0,1,8.93,9.6,8.42,10,0,5,10,2,8,3.676666666666667,2,Low
6,4,9,3.7,9.18,9.0,7.56,2,0,1,0,17.79,8,0,1,1,0,0.98,7.83,35.5,3,0,1,3,0,19,4.566666666666666,1,High
8,4,6,2.65,7.91,0.15,7.17,0,1,1,1,14.17,0,0,2,1,0,5.11,8.3,35.2,8,1,10,3,0,18,1.5999999999999999,2,High
4,3,3,8.22,3.09,4.74,4.19,2,0,0,1,21.26,6,1,4,1,2,2.54,7.05,14.23,5,0,7,1,0,10,5.653333333333333,1,Medium
3,9,2,10.0,2.33,3.47,4.76,1,0,1,1,4.15,3,0,6,0,1,6.0,8.51,7.19,0,1,4,10,2,14,6.489999999999999,2,Medium
7,8,8,2.23,1.33,8.08,0.31,2,0,0,1,11.84,10,0,2,1,2,9.55,2.66,38.05,6,1,8,10,0,23,4.1033333333333335,1,High
2,10,10,0.61,4.88,5.72,3.31,2,1,0,2,22.03,8,1,0,0,1,4.98,4.03,2.33,2,0,8,3,2,22,2.11,2,High
2,2,1,9.12,5.25,4.08,4.27,0,0,1,0,19.6,6,0,4,0,1,5.14,8.49,11.57,8,1,9,10,1,5,5.733333333333333,1,Low
5,5,2,9.01,6.49,4.13,5.24,2,0,0,2,19.27,7,0,1,1,1,1.12,6.36,13.19,0,0,7,10,0,12,4.713333333333334,2,Medium
9,10,5,9.69,5.94,5.59,1.57,1,0,0,1,23.45,6,1,9,1,0,1.68,1.55,18.05,4,1,5,1,0,24,8.093333333333334,1,High
10,9,7,1.02,7.94,4.56,0.65,2,0,2,1,9.59,0,1,5,1,2,7.53,0.17,35.23,9,0,10,0,1,26,3.526666666666667,3,High
0,1,7,3.96,7.75,8.31,9.51,0,0,0,0,7.0,9,1,10,1,1,1.93,8.98,10.74,5,1,10,0,2,8,7.423333333333333,0,Low
10,3,4,7.1,1.05,0.47,3.15,0,0,1,0,17.59,7,1,10,0,0,5.17,6.6,18.95,9,1,5,1,2,17,5.8566666666666665,1,High
6,5,4,9.76,0.12,1.36,2.61,0,0,2,1,8.59,10,0,2,1,2,3.29,0.06,24.14,10,0,3,7,0,15,4.373333333333333,3,Medium
5,6,9,8.63,2.73,1.41,2.04,2,1,0,2,23.19,2,0,8,0,0,1.49,3.35,13.36,5,0,6,10,2,20,6.013333333333333,2,High
5,0,4,9.61,9.75,5.91,1.72,2,0,1,2,1.0,1,0,7,1,0,4.37,8.53,0.08,10,1,4,3,1,9,7.506666666666667,3,Medium
8,0,5,0.52,6.2,5.42,7.03,1,0,1,0,8.29,3,1,6,1,0,8.79,1.86,2.68,6,1,7,9,2,13,3.98,1,Medium
9,8,2,3.0,7.33,8.1,9.95,0,1,2,2,7.45,6,0,9,0,2,9.4,8.01,34.97,5,1,1,9,1,19,6.7,4,High
0,10,3,2.68,2.77,9.89,1.55,0,0,0,1,17.22,3,0,10,1,1,0.42,6.13,31.34,4,1,2,0,0,13,7.523333333333333,1,Medium
2,0,8,5.24,3.88,1.81,6.22,1,0,1,1,0.82,0,0,8,1,2,1.94,6.32,32.45,2,0,7,9,1,10,5.016666666666667,2,Medium
6,8,4,8.08,9.45,9.4,5.42,1,1,1,1,19.73,6,0,2,0,1,0.79,2.96,11.34,4,0,7,0,1,18,6.493333333333333,2,High
10,0,5,1.1,5.81,8.85,6.14,0,1,0,1,8.96,8,0,1,1,1,4.31,4.56,32.96,7,0,7,8,1,15,3.65,1,Medium
10,6,1,9.75,3.11,1.08,4.55,1,0,2,0,20.32,3,0,6,0,0,9.08,2.04,0.07,7,0,6,10,1,17,5.609999999999999,2,High
6,6,0,3.29,8.33,4.98,9.55,1,0,1,1,0.99,1,1,6,1,0,2.78,9.35,6.71,10,1,6,7,1,12,4.756666666666667,2,Medium
9,7,10,9.98,6.76,0.19,7.39,2,1,1,2,1.23,4,1,3,1,2,3.08,7.27,12.54,0,1,0,5,0,26,4.39,3,High
2,8,6,3.19,4.11,6.3,3.27,2,1,1,2,7.59,9,0,10,0,1,7.86,0.76,36.19,10,0,4,5,1,16,6.496666666666667,3,Medium
7,7,8,6.38,7.28,0.13,3.97,2,1,1,0,16.64,7,1,2,1,2,8.02,2.35,31.42,6,0,4,1,0,22,2.8366666666666664,1,High
8,8,5,3.09,9.01,5.41,9.55,2,0,0,1,1.35,9,1,6,1,0,0.93,1.12,8.28,10,1,4,5,0,21,4.833333333333333,1,High
0,3,0,2.33,8.93,8.97,2.9,0,1,0,2,5.06,5,0,4,1,0,6.19,7.23,34.77,0,1,4,1,2,3,5.1000000000000005,2,Low
2,6,8,3.68,7.21,9.44,5.99,0,1,1,1,14.27,3,0,9,1,2,2.83,0.5,27.95,10,0,6,5,0,16,7.373333333333332,2,Medium
6,2,3,7.04,1.76,9.07,0.19,0,0,2,1,16.82,5,1,2,0,0,9.88,8.8,13.87,9,0,8,5,1,11,6.036666666666666,3,Medium
3,6,6,5.69,0.13,7.15,6.81,0,0,2,2,7.39,5,1,9,1,0,7.2,1.05,35.3,4,1,2,6,1,15,7.28,4,Medium
2,10,10,4.54,0.26,6.05,2.89,2,1,2,0,16.33,3,1,7,1,0,1.17,3.23,27.94,6,1,0,5,0,22,5.863333333333333,2,High
0,2,8,7.59,9.5,5.16,9.24,1,0,0,0,16.54,4,1,9,0,1,6.04,2.04,17.73,2,1,1,9,1,10,7.25,0,Medium
8,5,8,3.54,6.86,4.19,9.12,2,1,2,2,17.71,3,1,10,0,1,1.36,3.43,2.44,1,1,0,9,0,21,5.91,4,High
9,7,0,9.97,1.04,4.88,0.03,1,0,0,2,3.23,8,0,8,0,1,3.71,4.7,33.11,8,1,0,9,1,16,7.616666666666667,2,Medium
0,8,2,9.54,2.76,8.31,0.47,2,0,2,2,14.89,1,0,8,0,2,3.41,8.86,23.87,8,1,4,9,2,10,8.616666666666667,4,Medium
1,6,4,7.36,2.3,7.79,5.82,2,0,2,0,6.11,3,0,4,1,2,2.36,5.89,34.71,5,1,7,4,1,11,6.383333333333333,2,Medium
4,3,3,7.12,1.51,4.23,2.83,0,1,0,1,3.82,6,0,1,1,2,0.95,2.54,38.26,5,1,9,0,0,10,4.116666666666667,1,Medium
1,3,8,4.15,9.51,5.35,0.23,2,1,0,1,9.87,8,0,6,1,1,1.47,3.94,20.32,9,1,4,5,0,12,5.166666666666667,1,Medium
3,9,2,5.32,6.29,0.47,8.09,2,0,0,1,13.42,1,0,4,1,1,1.12,4.43,28.11,9,1,0,8,2,14,3.263333333333333,1,Medium
5,4,10,5.03,5.3,0.73,2.66,2,1,2,2,15.92,4,1,8,0,1,8.05,6.46,19.91,7,0,4,1,1,19,4.586666666666667,4,High
7,2,5,6.77,2.63,3.75,1.02,0,1,1,1,20.99,3,0,10,0,0,0.86,0.42,18.17,2,1,1,9,1,14,6.84,2,Medium
1,4,10,7.98,0.23,9.74,7.53,1,0,1,1,3.99,6,1,8,0,0,3.29,5.67,13.63,8,1,0,3,2,15,8.573333333333332,2,Medium
2,9,0,9.96,9.37,0.79,5.97,1,0,2,2,16.55,8,1,2,0,0,0.74,9.67,14.42,5,0,10,1,1,11,4.25,4,Medium
4,7,7,3.28,7.53,2.52,6.19,0,1,0,1,18.48,5,0,4,1,1,6.51,3.81,24.81,4,0,8,1,2,18,3.266666666666667,1,High
7,4,4,9.73,9.82,3.31,8.44,0,1,2,2,17.97,2,1,8,0,1,5.24,6.6,0.12,2,1,7,1,2,15,7.013333333333333,4,Medium
5,4,7,7.14,8.22,1.09,5.04,1,1,0,1,1.32,1,1,5,1,0,8.72,0.01,10.54,4,1,8,3,0,16,4.41,1,Medium
1,6,1,6.71,8.03,4.11,3.5,2,0,0,0,23.9,5,0,7,0,1,7.19,2.83,10.79,1,1,8,1,2,8,5.94,0,Low
7,8,2,0.3,1.25,8.26,5.79,1,1,0,0,19.23,9,0,1,1,1,1.98,0.92,4.3,8,1,2,0,1,17,3.186666666666667,0,High
3,10,4,1.89,1.6,0.53,4.42,0,1,1,2,15.37,9,0,3,1,2,2.9,6.09,21.16,10,0,8,1,1,17,1.8066666666666666,3,High
3,2,9,4.26,9.45,7.17,7.27,2,1,2,0,19.03,5,1,9,1,2,9.27,3.89,17.98,7,1,2,3,2,14,6.81,2,Medium
9,8,2,9.6,0.17,4.11,3.39,2,0,1,1,1.04,8,0,9,0,0,1.97,2.84,18.13,2,1,9,6,1,19,7.57,2,High
4,5,10,3.7,4.45,6.09,8.43,2,1,0,0,8.07,2,1,0,1,1,2.02,6.32,10.79,2,0,9,3,0,19,3.263333333333333,0,High
7,2,3,3.89,6.87,5.99,2.96,1,1,1,2,0.47,0,1,4,0,1,6.28,7.41,14.2,8,0,5,2,2,12,4.626666666666667,3,Medium
7,8,1,3.66,6.77,8.87,7.91,1,0,1,1,21.93,7,0,1,0,1,0.35,6.74,39.9,10,0,9,4,0,16,4.51,2,Medium
9,6,3,0.1,8.33,4.08,8.64,1,1,2,0,2.34,3,0,9,1,0,6.58,0.49,1.1,7,1,6,6,2,18,4.3933333333333335,2,High
3,2,2,6.03,1.59,1.18,6.59,1,0,0,1,0.19,7,1,0,1,0,3.51,5.84,27.99,8,0,6,4,2,7,2.4033333333333333,1,Low
8,6,7,1.44,6.03,4.77,6.19,2,0,1,2,9.66,8,0,3,1,1,0.36,3.03,19.93,8,0,9,8,2,21,3.07,3,High
5,7,2,7.64,6.71,9.06,5.3,1,1,1,0,12.17,9,1,5,0,2,0.07,7.44,38.0,0,0,10,10,0,14,7.233333333333333,1,Medium
10,4,8,1.76,5.9,6.71,7.6,0,1,1,0,3.21,3,1,10,0,1,0.41,0.66,2.41,4,1,8,7,2,22,6.156666666666666,1,High
10,2,3,7.85,7.57,8.21,9.77,1,1,1,0,20.57,3,0,10,0,0,4.42,7.81,17.45,1,1,4,9,0,15,8.686666666666667,1,Medium
5,10,0,9.5,1.57,5.53,0.26,0,0,1,2,6.11,10,0,6,1,2,9.98,6.46,25.29,2,0,10,8,2,15,7.010000000000001,3,Medium
8,1,9,3.97,3.44,3.3,6.63,2,0,2,2,2.98,7,0,3,0,2,5.9,7.64,12.63,3,1,8,8,1,18,3.4233333333333333,4,High
8,7,3,1.36,1.74,5.12,4.78,0,1,2,1,10.6,9,0,5,0,0,5.94,9.0,16.89,8,1,5,1,1,18,3.8266666666666667,3,High
3,0,4,3.7,4.31,3.14,1.96,2,0,1,1,16.35,4,0,7,0,1,8.36,2.19,24.05,2,0,7,7,1,7,4.613333333333333,2,Low
5,10,5,7.51,8.95,7.01,2.51,1,0,0,0,8.56,10,0,8,1,0,0.21,2.63,34.64,4,0,7,10,0,20,7.506666666666667,0,High
7,0,0,1.3,6.01,9.64,1.46,0,0,2,1,2.41,2,0,10,0,0,1.17,6.9,1.24,6,0,2,4,0,7,6.98,3,Low
3,8,7,8.31,2.36,0.04,8.65,2,1,1,1,0.7,9,1,5,0,2,6.53,8.02,13.99,0,1,10,1,0,18,4.45,2,High
3,0,7,0.8,3.5,5.72,2.48,2,0,1,0,8.88,8,0,10,0,0,6.36,3.03,2.65,6,0,9,0,1,10,5.506666666666667,1,Medium
1,10,5,6.44,1.24,2.33,8.65,1,0,2,1,14.99,5,1,4,0,0,4.29,8.09,9.2,8,1,8,3,0,16,4.256666666666667,3,Medium
10,0,9,2.28,3.36,2.43,5.93,2,1,1,0,2.21,8,0,6,1,2,4.5,0.98,19.47,9,0,4,0,1,19,3.5700000000000003,1,High
10,4,4,3.22,9.45,3.82,9.24,1,1,0,2,0.82,4,0,3,0,0,3.55,6.76,32.35,8,1,9,7,1,18,3.3466666666666662,2,High
7,9,2,3.2,2.51,7.98,1.49,0,0,2,0,11.6,3,1,1,0,2,4.61,3.73,21.1,3,0,9,4,0,18,4.06,2,High
10,7,1,0.46,4.13,7.32,0.96,1,1,1,0,2.91,2,0,7,0,1,3.76,0.1,23.66,0,0,0,0,1,18,4.926666666666667,1,High
10,8,9,5.89,9.0,9.79,3.52,0,1,2,2,5.46,0,0,2,1,1,1.52,5.49,17.13,4,1,1,10,1,27,5.8933333333333335,4,High
3,7,6,7.09,3.8,0.11,5.42,0,1,2,2,11.23,2,1,5,1,1,3.0,3.83,7.78,4,1,4,0,2,16,4.066666666666666,4,Medium
9,6,3,5.27,2.14,0.63,5.39,2,0,2,2,7.21,8,0,9,1,0,7.65,6.84,39.67,5,1,5,0,0,18,4.966666666666666,4,High
8,0,0,3.16,7.34,2.48,3.7,2,0,2,2,15.11,0,1,2,0,0,5.67,2.32,12.74,3,1,0,2,2,8,2.546666666666667,4,Low
7,2,7,5.41,4.32,4.55,4.74,1,0,0,0,12.91,7,0,1,0,2,5.48,5.63,12.54,6,0,0,8,1,16,3.6533333333333338,0,Medium
10,1,2,6.16,4.44,4.55,4.74,0,1,0,1,6.84,7,0,9,1,2,2.6,9.58,35.35,10,0,5,2,1,13,6.57,1,Medium
10,9,0,9.24,9.03,6.86,5.26,2,1,0,0,13.54,0,0,9,1,2,6.5,1.52,13.34,0,1,8,1,0,19,8.366666666666667,0,High
5,1,10,1.68,5.97,7.17,5.84,2,0,2,2,21.58,4,0,3,0,0,0.86,8.71,12.66,8,0,0,3,1,16,3.9499999999999997,4,Medium
9,5,7,2.09,1.48,3.44,6.46,0,1,0,2,21.12,6,0,8,1,0,1.48,1.15,0.16,8,0,4,9,1,21,4.51,2,High
4,2,3,9.73,7.73,5.15,4.32,2,0,0,0,1.4,0,1,4,0,1,5.18,6.31,1.25,1,1,1,7,2,9,6.293333333333334,0,Medium
7,10,6,7.77,3.53,8.71,4.19,1,1,1,2,1.64,2,1,4,0,1,1.75,2.28,16.73,3,0,7,8,2,23,6.826666666666667,3,High
7,9,4,3.45,6.82,7.76,0.07,0,0,0,2,2.29,1,0,0,1,1,7.94,3.29,22.58,9,0,1,4,2,20,3.736666666666667,2,High
5,1,5,2.64,1.77,3.08,2.51,0,1,2,0,19.97,0,1,3,1,2,5.38,5.67,16.88,10,0,10,8,0,11,2.9066666666666667,2,Medium
2,6,1,9.56,8.94,3.56,2.08,0,1,0,2,0.29,9,0,0,1,2,4.34,0.62,37.62,1,0,10,1,1,9,4.373333333333334,2,Medium
10,1,4,6.44,9.85,3.47,8.58,0,1,1,1,13.56,5,1,3,0,0,3.52,6.22,5.5,9,0,1,5,1,15,4.303333333333334,2,Medium
